,url,sentiment,isExperiential,isPolitical,isInsult,topics
1585289098289348610,"https://docs.google.com/forms/d/e/1FAIpQLSffZugycOX3tUHW3uGhn5Cw0pj0fJDeIQf5oJ3EzZ-2vuj6Gg/viewform?entry.1274744182=https://twitter.com/EMiNEM_038/status/1585289098289348610&entry.653903203=26581&usp=pp_url
",Negative,No,Yes,Yes,"['Corruption', 'Democracy', 'Crime&justice', 'Nationalsecurity', 'Minorities&discrimination']"
1360942652485738499,"https://docs.google.com/forms/d/e/1FAIpQLSffZugycOX3tUHW3uGhn5Cw0pj0fJDeIQf5oJ3EzZ-2vuj6Gg/viewform?entry.1274744182=https://twitter.com/fatmanurorhn/status/1360942652485738499&entry.653903203=26581&usp=pp_url
",Neutral,No,No,No,['nan']
1589966704599105536,"https://docs.google.com/forms/d/e/1FAIpQLSffZugycOX3tUHW3uGhn5Cw0pj0fJDeIQf5oJ3EzZ-2vuj6Gg/viewform?entry.1274744182=https://twitter.com/Mehmet33919675/status/1589966704599105536&entry.653903203=26581&usp=pp_url
",Negative,No,Yes,Yes,"['News', 'Unemployment']"
1589347418596077568,"https://docs.google.com/forms/d/e/1FAIpQLSffZugycOX3tUHW3uGhn5Cw0pj0fJDeIQf5oJ3EzZ-2vuj6Gg/viewform?entry.1274744182=https://twitter.com/aliartul/status/1589347418596077568&entry.653903203=26581&usp=pp_url
",Negative,No,Yes,No,"['Religion', 'Unemployment', 'Education']"
1593320997066883074,"https://docs.google.com/forms/d/e/1FAIpQLSffZugycOX3tUHW3uGhn5Cw0pj0fJDeIQf5oJ3EzZ-2vuj6Gg/viewform?entry.1274744182=https://twitter.com/deniz07034608/status/1593320997066883074&entry.653903203=26581&usp=pp_url
",Negative,Yes,Yes,No,"['Unemployment', 'Education', 'Democracy']"
1444644166357553156,"https://docs.google.com/forms/d/e/1FAIpQLSffZugycOX3tUHW3uGhn5Cw0pj0fJDeIQf5oJ3EzZ-2vuj6Gg/viewform?entry.1274744182=https://twitter.com/LilibethMarzan4/status/1444644166357553156&entry.653903203=26581&usp=pp_url
",Neutral,No,No,No,['nan']
1595822751360733186,"https://docs.google.com/forms/d/e/1FAIpQLSffZugycOX3tUHW3uGhn5Cw0pj0fJDeIQf5oJ3EzZ-2vuj6Gg/viewform?entry.1274744182=https://twitter.com/yikikkentli09/status/1595822751360733186&entry.653903203=26581&usp=pp_url
",Neutral,No,No,No,['nan']
1590853214873997312,"https://docs.google.com/forms/d/e/1FAIpQLSffZugycOX3tUHW3uGhn5Cw0pj0fJDeIQf5oJ3EzZ-2vuj6Gg/viewform?entry.1274744182=https://twitter.com/ilkerozsu/status/1590853214873997312&entry.653903203=26581&usp=pp_url
",Neutral,No,Yes,No,"['Corruption', 'Health', 'Democracy']"
1570106700040146944,"https://docs.google.com/forms/d/e/1FAIpQLSffZugycOX3tUHW3uGhn5Cw0pj0fJDeIQf5oJ3EzZ-2vuj6Gg/viewform?entry.1274744182=https://twitter.com/sssnnddss/status/1570106700040146944&entry.653903203=26581&usp=pp_url
",Neutral,Yes,Yes,No,"['News', 'Unemployment', 'Education']"
1596415182359732226,"https://docs.google.com/forms/d/e/1FAIpQLSffZugycOX3tUHW3uGhn5Cw0pj0fJDeIQf5oJ3EzZ-2vuj6Gg/viewform?entry.1274744182=https://twitter.com/AhmetEs73925133/status/1596415182359732226&entry.653903203=26581&usp=pp_url
",Negative,No,Yes,No,"['Economy', 'Inflation&poverty', 'Crime&justice', 'Terrorism', 'Nationalsecurity']"
1591797089134338048,"https://docs.google.com/forms/d/e/1FAIpQLSffZugycOX3tUHW3uGhn5Cw0pj0fJDeIQf5oJ3EzZ-2vuj6Gg/viewform?entry.1274744182=https://twitter.com/15binparamedik/status/1591797089134338048&entry.653903203=26581&usp=pp_url
",Neutral,Yes,Yes,No,"['News', 'Economy', 'Unemployment']"
1590246585627475969,"https://docs.google.com/forms/d/e/1FAIpQLSffZugycOX3tUHW3uGhn5Cw0pj0fJDeIQf5oJ3EzZ-2vuj6Gg/viewform?entry.1274744182=https://twitter.com/fulden_guney/status/1590246585627475969&entry.653903203=26581&usp=pp_url
",Negative,No,Yes,Yes,"['News', 'Corruption', 'Democracy', 'Crime&justice', 'Nationalsecurity']"
1586841824739688454,"https://docs.google.com/forms/d/e/1FAIpQLSffZugycOX3tUHW3uGhn5Cw0pj0fJDeIQf5oJ3EzZ-2vuj6Gg/viewform?entry.1274744182=https://twitter.com/Karacam2005/status/1586841824739688454&entry.653903203=26581&usp=pp_url
",Negative,No,Yes,Yes,"['Religion', 'News', 'Corruption', 'Democracy', 'Crime&justice', 'Terrorism', 'Minorities&discrimination']"
1596466204276887555,"https://docs.google.com/forms/d/e/1FAIpQLSffZugycOX3tUHW3uGhn5Cw0pj0fJDeIQf5oJ3EzZ-2vuj6Gg/viewform?entry.1274744182=https://twitter.com/BhGawesome/status/1596466204276887555&entry.653903203=26581&usp=pp_url
",Positive,No,No,No,"['Music&TV', 'Advertisement', 'Education']"
1371096203069362180,"https://docs.google.com/forms/d/e/1FAIpQLSffZugycOX3tUHW3uGhn5Cw0pj0fJDeIQf5oJ3EzZ-2vuj6Gg/viewform?entry.1274744182=https://twitter.com/sukurarslan/status/1371096203069362180&entry.653903203=26581&usp=pp_url
",Neutral,No,No,Yes,['Sports']
1420407025847132171,"https://docs.google.com/forms/d/e/1FAIpQLSffZugycOX3tUHW3uGhn5Cw0pj0fJDeIQf5oJ3EzZ-2vuj6Gg/viewform?entry.1274744182=https://twitter.com/btsmembo/status/1420407025847132171&entry.653903203=26581&usp=pp_url
",Neutral,No,No,No,['nan']
1595370246369689600,"https://docs.google.com/forms/d/e/1FAIpQLSffZugycOX3tUHW3uGhn5Cw0pj0fJDeIQf5oJ3EzZ-2vuj6Gg/viewform?entry.1274744182=https://twitter.com/HalilEcem25/status/1595370246369689600&entry.653903203=26581&usp=pp_url
",Negative,No,Yes,Yes,"['News', 'Corruption', 'Democracy', 'Crime&justice']"
1579558096833511424,"https://docs.google.com/forms/d/e/1FAIpQLSffZugycOX3tUHW3uGhn5Cw0pj0fJDeIQf5oJ3EzZ-2vuj6Gg/viewform?entry.1274744182=https://twitter.com/hiranur55508054/status/1579558096833511424&entry.653903203=26581&usp=pp_url
",Neutral,Yes,Yes,No,"['News', 'Education']"
1589612338541654016,"https://docs.google.com/forms/d/e/1FAIpQLSffZugycOX3tUHW3uGhn5Cw0pj0fJDeIQf5oJ3EzZ-2vuj6Gg/viewform?entry.1274744182=https://twitter.com/AyeGleryz10/status/1589612338541654016&entry.653903203=26581&usp=pp_url
",Positive,Yes,Yes,No,"['News', 'Unemployment']"
1415268121791840260,"https://docs.google.com/forms/d/e/1FAIpQLSffZugycOX3tUHW3uGhn5Cw0pj0fJDeIQf5oJ3EzZ-2vuj6Gg/viewform?entry.1274744182=https://twitter.com/lemonRQ/status/1415268121791840260&entry.653903203=26581&usp=pp_url
",Neutral,Yes,No,No,['Health']
1597148040761987072,"https://docs.google.com/forms/d/e/1FAIpQLSffZugycOX3tUHW3uGhn5Cw0pj0fJDeIQf5oJ3EzZ-2vuj6Gg/viewform?entry.1274744182=https://twitter.com/ethemsimsek305/status/1597148040761987072&entry.653903203=26581&usp=pp_url
",Negative,No,Yes,Yes,['Corruption']
1367571642604544000,"https://docs.google.com/forms/d/e/1FAIpQLSffZugycOX3tUHW3uGhn5Cw0pj0fJDeIQf5oJ3EzZ-2vuj6Gg/viewform?entry.1274744182=https://twitter.com/BakiDiren/status/1367571642604544000&entry.653903203=26581&usp=pp_url
",Positive,Yes,No,No,"['Music&TV', 'Advertisement']"
1559233084117098502,"https://docs.google.com/forms/d/e/1FAIpQLSffZugycOX3tUHW3uGhn5Cw0pj0fJDeIQf5oJ3EzZ-2vuj6Gg/viewform?entry.1274744182=https://twitter.com/saidkotan/status/1559233084117098502&entry.653903203=26581&usp=pp_url
",Neutral,No,No,No,['nan']
1565034685985603588,"https://docs.google.com/forms/d/e/1FAIpQLSffZugycOX3tUHW3uGhn5Cw0pj0fJDeIQf5oJ3EzZ-2vuj6Gg/viewform?entry.1274744182=https://twitter.com/Abdulsa67026176/status/1565034685985603588&entry.653903203=26581&usp=pp_url
",Positive,Yes,Yes,No,"['News', 'Economy', 'Unemployment', 'Crime&justice']"
1434787703783051264,"https://docs.google.com/forms/d/e/1FAIpQLSffZugycOX3tUHW3uGhn5Cw0pj0fJDeIQf5oJ3EzZ-2vuj6Gg/viewform?entry.1274744182=https://twitter.com/jerviajeon/status/1434787703783051264&entry.653903203=26581&usp=pp_url
",Neutral,Yes,No,No,['nan']
1407097268633804800,"https://docs.google.com/forms/d/e/1FAIpQLSffZugycOX3tUHW3uGhn5Cw0pj0fJDeIQf5oJ3EzZ-2vuj6Gg/viewform?entry.1274744182=https://twitter.com/HamzaKavak055/status/1407097268633804800&entry.653903203=26581&usp=pp_url
",Neutral,Yes,No,No,['nan']
1593173538248470529,"https://docs.google.com/forms/d/e/1FAIpQLSffZugycOX3tUHW3uGhn5Cw0pj0fJDeIQf5oJ3EzZ-2vuj6Gg/viewform?entry.1274744182=https://twitter.com/Hassancerkez23/status/1593173538248470529&entry.653903203=26581&usp=pp_url
",Positive,No,Yes,No,"['Advertisement', 'News', 'Democracy', 'Election', 'Nationalsecurity']"
1597182686031847424,"https://docs.google.com/forms/d/e/1FAIpQLSffZugycOX3tUHW3uGhn5Cw0pj0fJDeIQf5oJ3EzZ-2vuj6Gg/viewform?entry.1274744182=https://twitter.com/murat___343454/status/1597182686031847424&entry.653903203=26581&usp=pp_url
",Negative,No,Yes,No,"['Corruption', 'Democracy', 'Crime&justice', 'Nationalsecurity']"
1588452263047069697,"https://docs.google.com/forms/d/e/1FAIpQLSffZugycOX3tUHW3uGhn5Cw0pj0fJDeIQf5oJ3EzZ-2vuj6Gg/viewform?entry.1274744182=https://twitter.com/mtfdan/status/1588452263047069697&entry.653903203=26581&usp=pp_url
",Negative,No,Yes,Yes,"['Corruption', 'Crime&justice', 'Minorities&discrimination']"
1596394245874647040,"https://docs.google.com/forms/d/e/1FAIpQLSffZugycOX3tUHW3uGhn5Cw0pj0fJDeIQf5oJ3EzZ-2vuj6Gg/viewform?entry.1274744182=https://twitter.com/efendi_inan/status/1596394245874647040&entry.653903203=26581&usp=pp_url
",Negative,No,Yes,No,"['News', 'Health', 'Crime&justice']"
1570428119609139201,"https://docs.google.com/forms/d/e/1FAIpQLSffZugycOX3tUHW3uGhn5Cw0pj0fJDeIQf5oJ3EzZ-2vuj6Gg/viewform?entry.1274744182=https://twitter.com/HamitElKelle/status/1570428119609139201&entry.653903203=26581&usp=pp_url
",Negative,No,Yes,Yes,"['Religion', 'News', 'Corruption', 'Democracy', 'Nationalsecurity']"
1595357036925026306,"https://docs.google.com/forms/d/e/1FAIpQLSffZugycOX3tUHW3uGhn5Cw0pj0fJDeIQf5oJ3EzZ-2vuj6Gg/viewform?entry.1274744182=https://twitter.com/Zeynepvcl/status/1595357036925026306&entry.653903203=26581&usp=pp_url
",Neutral,No,Yes,No,['News']
1402921808391819266,"https://docs.google.com/forms/d/e/1FAIpQLSffZugycOX3tUHW3uGhn5Cw0pj0fJDeIQf5oJ3EzZ-2vuj6Gg/viewform?entry.1274744182=https://twitter.com/saintmartinist/status/1402921808391819266&entry.653903203=26581&usp=pp_url
",Positive,No,No,No,['Advertisement']
1583146619519660032,"https://docs.google.com/forms/d/e/1FAIpQLSffZugycOX3tUHW3uGhn5Cw0pj0fJDeIQf5oJ3EzZ-2vuj6Gg/viewform?entry.1274744182=https://twitter.com/tuba_fen/status/1583146619519660032&entry.653903203=26581&usp=pp_url
",Neutral,Yes,Yes,No,"['Unemployment', 'Education', 'Crime&justice']"
1586705048742117376,"https://docs.google.com/forms/d/e/1FAIpQLSffZugycOX3tUHW3uGhn5Cw0pj0fJDeIQf5oJ3EzZ-2vuj6Gg/viewform?entry.1274744182=https://twitter.com/msametcb/status/1586705048742117376&entry.653903203=26581&usp=pp_url
",Negative,No,Yes,No,"['Religion', 'News', 'Corruption', 'Crime&justice']"
1595840066429108225,"https://docs.google.com/forms/d/e/1FAIpQLSffZugycOX3tUHW3uGhn5Cw0pj0fJDeIQf5oJ3EzZ-2vuj6Gg/viewform?entry.1274744182=https://twitter.com/metesoylu25/status/1595840066429108225&entry.653903203=26581&usp=pp_url
",Negative,Yes,Yes,No,"['Economy', 'Inflation&poverty']"
1594270459259912192,"https://docs.google.com/forms/d/e/1FAIpQLSffZugycOX3tUHW3uGhn5Cw0pj0fJDeIQf5oJ3EzZ-2vuj6Gg/viewform?entry.1274744182=https://twitter.com/100binatamaaa/status/1594270459259912192&entry.653903203=26581&usp=pp_url
",Neutral,Yes,Yes,No,"['News', 'Economy', 'Unemployment', 'Education', 'Democracy']"
1403730052471263238,"https://docs.google.com/forms/d/e/1FAIpQLSffZugycOX3tUHW3uGhn5Cw0pj0fJDeIQf5oJ3EzZ-2vuj6Gg/viewform?entry.1274744182=https://twitter.com/vtaeskit/status/1403730052471263238&entry.653903203=26581&usp=pp_url
",Neutral,Yes,No,No,"['Music&TV', 'Advertisement']"
1379149242418233346,"https://docs.google.com/forms/d/e/1FAIpQLSffZugycOX3tUHW3uGhn5Cw0pj0fJDeIQf5oJ3EzZ-2vuj6Gg/viewform?entry.1274744182=https://twitter.com/BaranMuhsinoglu/status/1379149242418233346&entry.653903203=26581&usp=pp_url
",Neutral,No,No,No,"['Education', 'Health']"
1436712558816268299,"https://docs.google.com/forms/d/e/1FAIpQLSffZugycOX3tUHW3uGhn5Cw0pj0fJDeIQf5oJ3EzZ-2vuj6Gg/viewform?entry.1274744182=https://twitter.com/tahageqzy/status/1436712558816268299&entry.653903203=26581&usp=pp_url
",Positive,Yes,No,No,"['Sports', 'Music&TV', 'Advertisement']"
1430940314022318083,"https://docs.google.com/forms/d/e/1FAIpQLSffZugycOX3tUHW3uGhn5Cw0pj0fJDeIQf5oJ3EzZ-2vuj6Gg/viewform?entry.1274744182=https://twitter.com/Godpowers_/status/1430940314022318083&entry.653903203=26581&usp=pp_url
",Positive,Yes,No,No,['nan']
1595131837143478272,"https://docs.google.com/forms/d/e/1FAIpQLSffZugycOX3tUHW3uGhn5Cw0pj0fJDeIQf5oJ3EzZ-2vuj6Gg/viewform?entry.1274744182=https://twitter.com/Ziraatmhendis9/status/1595131837143478272&entry.653903203=26581&usp=pp_url
",Neutral,Yes,Yes,No,"['News', 'Unemployment', 'Democracy']"
1597713817244692480,"https://docs.google.com/forms/d/e/1FAIpQLSffZugycOX3tUHW3uGhn5Cw0pj0fJDeIQf5oJ3EzZ-2vuj6Gg/viewform?entry.1274744182=https://twitter.com/atamamucadele0/status/1597713817244692480&entry.653903203=26581&usp=pp_url
",Negative,No,Yes,No,"['Unemployment', 'Education', 'Democracy', 'Crime&justice']"
1572654639220228098,"https://docs.google.com/forms/d/e/1FAIpQLSffZugycOX3tUHW3uGhn5Cw0pj0fJDeIQf5oJ3EzZ-2vuj6Gg/viewform?entry.1274744182=https://twitter.com/cgrfogretmen/status/1572654639220228098&entry.653903203=26581&usp=pp_url
",Neutral,No,Yes,No,"['Education', 'Democracy', 'Election']"
1380751175872565250,"https://docs.google.com/forms/d/e/1FAIpQLSffZugycOX3tUHW3uGhn5Cw0pj0fJDeIQf5oJ3EzZ-2vuj6Gg/viewform?entry.1274744182=https://twitter.com/sualmatik/status/1380751175872565250&entry.653903203=26581&usp=pp_url
",Neutral,No,No,No,['Religion']
1595074533567905792,"https://docs.google.com/forms/d/e/1FAIpQLSffZugycOX3tUHW3uGhn5Cw0pj0fJDeIQf5oJ3EzZ-2vuj6Gg/viewform?entry.1274744182=https://twitter.com/Mustafa18423853/status/1595074533567905792&entry.653903203=26581&usp=pp_url
",Negative,No,Yes,Yes,"['Corruption', 'Crime&justice', 'Terrorism', 'Nationalsecurity', 'Foreignpolicy']"
1588479264978272256,"https://docs.google.com/forms/d/e/1FAIpQLSffZugycOX3tUHW3uGhn5Cw0pj0fJDeIQf5oJ3EzZ-2vuj6Gg/viewform?entry.1274744182=https://twitter.com/_Avsarbeyi_/status/1588479264978272256&entry.653903203=26581&usp=pp_url
",Negative,No,Yes,Yes,"['Religion', 'Corruption', 'Health']"
1349950090140672000,"https://docs.google.com/forms/d/e/1FAIpQLSffZugycOX3tUHW3uGhn5Cw0pj0fJDeIQf5oJ3EzZ-2vuj6Gg/viewform?entry.1274744182=https://twitter.com/B_KurdaOffical/status/1349950090140672000&entry.653903203=26581&usp=pp_url
",Neutral,Yes,No,No,['nan']
1594246341969985544,"https://docs.google.com/forms/d/e/1FAIpQLSffZugycOX3tUHW3uGhn5Cw0pj0fJDeIQf5oJ3EzZ-2vuj6Gg/viewform?entry.1274744182=https://twitter.com/ibrahimavcu10/status/1594246341969985544&entry.653903203=26581&usp=pp_url
",Negative,No,Yes,Yes,"['Economy', 'Inflation&poverty']"
1592949040853176320,"https://docs.google.com/forms/d/e/1FAIpQLSffZugycOX3tUHW3uGhn5Cw0pj0fJDeIQf5oJ3EzZ-2vuj6Gg/viewform?entry.1274744182=https://twitter.com/Arifekks/status/1592949040853176320&entry.653903203=26581&usp=pp_url
",Positive,Yes,Yes,No,"['Economy', 'Unemployment']"
1585926352816943110,"https://docs.google.com/forms/d/e/1FAIpQLSffZugycOX3tUHW3uGhn5Cw0pj0fJDeIQf5oJ3EzZ-2vuj6Gg/viewform?entry.1274744182=https://twitter.com/irfanyakupoglu/status/1585926352816943110&entry.653903203=26581&usp=pp_url
",Negative,No,No,Yes,"['Economy', 'Inflation&poverty']"
1427746815420604417,"https://docs.google.com/forms/d/e/1FAIpQLSffZugycOX3tUHW3uGhn5Cw0pj0fJDeIQf5oJ3EzZ-2vuj6Gg/viewform?entry.1274744182=https://twitter.com/venxzhan/status/1427746815420604417&entry.653903203=26581&usp=pp_url
",Negative,No,No,Yes,"['Music&TV', 'Advertisement']"
1559963768372740098,"https://docs.google.com/forms/d/e/1FAIpQLSffZugycOX3tUHW3uGhn5Cw0pj0fJDeIQf5oJ3EzZ-2vuj6Gg/viewform?entry.1274744182=https://twitter.com/awfhdsr6/status/1559963768372740098&entry.653903203=26581&usp=pp_url
",Negative,Yes,Yes,No,"['Inflation&poverty', 'Corruption', 'Democracy']"
1567137357110861827,"https://docs.google.com/forms/d/e/1FAIpQLSffZugycOX3tUHW3uGhn5Cw0pj0fJDeIQf5oJ3EzZ-2vuj6Gg/viewform?entry.1274744182=https://twitter.com/DevrimKRDLN/status/1567137357110861827&entry.653903203=26581&usp=pp_url
",Negative,Yes,Yes,No,"['Economy', 'Unemployment', 'Education', 'Democracy']"
1583417571235110913,"https://docs.google.com/forms/d/e/1FAIpQLSffZugycOX3tUHW3uGhn5Cw0pj0fJDeIQf5oJ3EzZ-2vuj6Gg/viewform?entry.1274744182=https://twitter.com/Serifeerl/status/1583417571235110913&entry.653903203=26581&usp=pp_url
",Negative,Yes,Yes,No,"['Economy', 'Inflation&poverty', 'Unemployment', 'Education']"
1591422274711740419,"https://docs.google.com/forms/d/e/1FAIpQLSffZugycOX3tUHW3uGhn5Cw0pj0fJDeIQf5oJ3EzZ-2vuj6Gg/viewform?entry.1274744182=https://twitter.com/Ali34588718/status/1591422274711740419&entry.653903203=26581&usp=pp_url
",Neutral,No,Yes,No,"['Democracy', 'Crime&justice', 'Terrorism', 'Nationalsecurity']"
1590629348566265856,"https://docs.google.com/forms/d/e/1FAIpQLSffZugycOX3tUHW3uGhn5Cw0pj0fJDeIQf5oJ3EzZ-2vuj6Gg/viewform?entry.1274744182=https://twitter.com/Yasemin97700194/status/1590629348566265856&entry.653903203=26581&usp=pp_url
",Positive,Yes,Yes,No,"['Advertisement', 'Health']"
1584849673390817283,"https://docs.google.com/forms/d/e/1FAIpQLSffZugycOX3tUHW3uGhn5Cw0pj0fJDeIQf5oJ3EzZ-2vuj6Gg/viewform?entry.1274744182=https://twitter.com/iyilikiyidir01/status/1584849673390817283&entry.653903203=26581&usp=pp_url
",Negative,Yes,Yes,No,"['Democracy', 'Crime&justice']"
1593649159009099777,"https://docs.google.com/forms/d/e/1FAIpQLSffZugycOX3tUHW3uGhn5Cw0pj0fJDeIQf5oJ3EzZ-2vuj6Gg/viewform?entry.1274744182=https://twitter.com/Ahmetbaran70/status/1593649159009099777&entry.653903203=26581&usp=pp_url
",Negative,No,Yes,Yes,"['Corruption', 'Minorities&discrimination']"
1577024342268837888,"https://docs.google.com/forms/d/e/1FAIpQLSffZugycOX3tUHW3uGhn5Cw0pj0fJDeIQf5oJ3EzZ-2vuj6Gg/viewform?entry.1274744182=https://twitter.com/HasAngarali/status/1577024342268837888&entry.653903203=26581&usp=pp_url
",Negative,No,Yes,Yes,"['Corruption', 'Crime&justice']"
1361720561680998401,"https://docs.google.com/forms/d/e/1FAIpQLSffZugycOX3tUHW3uGhn5Cw0pj0fJDeIQf5oJ3EzZ-2vuj6Gg/viewform?entry.1274744182=https://twitter.com/Muratkrkmz43/status/1361720561680998401&entry.653903203=26581&usp=pp_url
",Positive,No,No,No,"['News', 'Economy']"
1431685243807879183,"https://docs.google.com/forms/d/e/1FAIpQLSffZugycOX3tUHW3uGhn5Cw0pj0fJDeIQf5oJ3EzZ-2vuj6Gg/viewform?entry.1274744182=https://twitter.com/zevkine_gel/status/1431685243807879183&entry.653903203=26581&usp=pp_url
",Negative,Yes,No,Yes,['Crime&justice']
1586021183958704128,"https://docs.google.com/forms/d/e/1FAIpQLSffZugycOX3tUHW3uGhn5Cw0pj0fJDeIQf5oJ3EzZ-2vuj6Gg/viewform?entry.1274744182=https://twitter.com/spytron/status/1586021183958704128&entry.653903203=26581&usp=pp_url
",Negative,No,Yes,No,"['News', 'Democracy', 'Election']"
1590411187304685568,"https://docs.google.com/forms/d/e/1FAIpQLSffZugycOX3tUHW3uGhn5Cw0pj0fJDeIQf5oJ3EzZ-2vuj6Gg/viewform?entry.1274744182=https://twitter.com/aa89905575/status/1590411187304685568&entry.653903203=26581&usp=pp_url
",Neutral,No,Yes,No,"['Unemployment', 'Democracy']"
1454827412190027779,"https://docs.google.com/forms/d/e/1FAIpQLSffZugycOX3tUHW3uGhn5Cw0pj0fJDeIQf5oJ3EzZ-2vuj6Gg/viewform?entry.1274744182=https://twitter.com/enginduran/status/1454827412190027779&entry.653903203=26581&usp=pp_url
",Neutral,Yes,No,No,['Economy']
1591789682093850625,"https://docs.google.com/forms/d/e/1FAIpQLSffZugycOX3tUHW3uGhn5Cw0pj0fJDeIQf5oJ3EzZ-2vuj6Gg/viewform?entry.1274744182=https://twitter.com/kayabey0221/status/1591789682093850625&entry.653903203=26581&usp=pp_url
",Negative,Yes,Yes,No,"['Unemployment', 'Democracy', 'Crime&justice']"
1598016148175749121,"https://docs.google.com/forms/d/e/1FAIpQLSffZugycOX3tUHW3uGhn5Cw0pj0fJDeIQf5oJ3EzZ-2vuj6Gg/viewform?entry.1274744182=https://twitter.com/etkinlik112_/status/1598016148175749121&entry.653903203=26581&usp=pp_url
",Neutral,No,Yes,No,"['Economy', 'Inflation&poverty', 'Democracy']"
1596501798839549953,"https://docs.google.com/forms/d/e/1FAIpQLSffZugycOX3tUHW3uGhn5Cw0pj0fJDeIQf5oJ3EzZ-2vuj6Gg/viewform?entry.1274744182=https://twitter.com/betl2_mina/status/1596501798839549953&entry.653903203=26581&usp=pp_url
",Negative,No,Yes,Yes,"['Corruption', 'Democracy', 'Election']"
1428358304653139979,"https://docs.google.com/forms/d/e/1FAIpQLSffZugycOX3tUHW3uGhn5Cw0pj0fJDeIQf5oJ3EzZ-2vuj6Gg/viewform?entry.1274744182=https://twitter.com/BursaMuhalif/status/1428358304653139979&entry.653903203=26581&usp=pp_url
",Neutral,No,Yes,No,"['News', 'Corruption', 'Democracy', 'Crime&justice']"
1434951836109262855,"https://docs.google.com/forms/d/e/1FAIpQLSffZugycOX3tUHW3uGhn5Cw0pj0fJDeIQf5oJ3EzZ-2vuj6Gg/viewform?entry.1274744182=https://twitter.com/MuratUstel1/status/1434951836109262855&entry.653903203=26581&usp=pp_url
",Negative,No,Yes,Yes,"['Advertisement', 'News', 'Corruption', 'Health', 'Nationalsecurity']"
1592566852823441408,"https://docs.google.com/forms/d/e/1FAIpQLSffZugycOX3tUHW3uGhn5Cw0pj0fJDeIQf5oJ3EzZ-2vuj6Gg/viewform?entry.1274744182=https://twitter.com/Nizarbals2/status/1592566852823441408&entry.653903203=26581&usp=pp_url
",Negative,Yes,Yes,No,"['Unemployment', 'Democracy', 'Crime&justice']"
1598055380558712833,"https://docs.google.com/forms/d/e/1FAIpQLSffZugycOX3tUHW3uGhn5Cw0pj0fJDeIQf5oJ3EzZ-2vuj6Gg/viewform?entry.1274744182=https://twitter.com/IstanbulYoga/status/1598055380558712833&entry.653903203=26581&usp=pp_url
",Neutral,No,No,No,['Health']
1547306084485980161,"https://docs.google.com/forms/d/e/1FAIpQLSffZugycOX3tUHW3uGhn5Cw0pj0fJDeIQf5oJ3EzZ-2vuj6Gg/viewform?entry.1274744182=https://twitter.com/nikosiblackpot/status/1547306084485980161&entry.653903203=26581&usp=pp_url
",Negative,Yes,Yes,Yes,"['Economy', 'Corruption', 'Democracy', 'Immigration&refugees', 'Foreignpolicy', 'Minorities&discrimination']"
1439547067337256967,"https://docs.google.com/forms/d/e/1FAIpQLSffZugycOX3tUHW3uGhn5Cw0pj0fJDeIQf5oJ3EzZ-2vuj6Gg/viewform?entry.1274744182=https://twitter.com/_melek_3451/status/1439547067337256967&entry.653903203=26581&usp=pp_url
",Positive,Yes,No,No,['Music&TV']
1399466071007051778,"https://docs.google.com/forms/d/e/1FAIpQLSffZugycOX3tUHW3uGhn5Cw0pj0fJDeIQf5oJ3EzZ-2vuj6Gg/viewform?entry.1274744182=https://twitter.com/hazerpapatya/status/1399466071007051778&entry.653903203=26581&usp=pp_url
",Neutral,Yes,No,No,['nan']
1547307219389239298,"https://docs.google.com/forms/d/e/1FAIpQLSffZugycOX3tUHW3uGhn5Cw0pj0fJDeIQf5oJ3EzZ-2vuj6Gg/viewform?entry.1274744182=https://twitter.com/osmanlicauzmani/status/1547307219389239298&entry.653903203=26581&usp=pp_url
",Neutral,Yes,Yes,No,"['Inflation&poverty', 'Unemployment', 'Education', 'Democracy']"
1596507352722997250,"https://docs.google.com/forms/d/e/1FAIpQLSffZugycOX3tUHW3uGhn5Cw0pj0fJDeIQf5oJ3EzZ-2vuj6Gg/viewform?entry.1274744182=https://twitter.com/SekerBilal3344/status/1596507352722997250&entry.653903203=26581&usp=pp_url
",Neutral,No,Yes,No,['Unemployment']
1590094703797862401,"https://docs.google.com/forms/d/e/1FAIpQLSffZugycOX3tUHW3uGhn5Cw0pj0fJDeIQf5oJ3EzZ-2vuj6Gg/viewform?entry.1274744182=https://twitter.com/yusuf83576249/status/1590094703797862401&entry.653903203=26581&usp=pp_url
",Negative,No,No,Yes,['Minorities&discrimination']
1585634359612420101,"https://docs.google.com/forms/d/e/1FAIpQLSffZugycOX3tUHW3uGhn5Cw0pj0fJDeIQf5oJ3EzZ-2vuj6Gg/viewform?entry.1274744182=https://twitter.com/mustafasenol45/status/1585634359612420101&entry.653903203=26581&usp=pp_url
",Negative,No,Yes,No,"['Crime&justice', 'Terrorism', 'Nationalsecurity']"
1363157253801574403,"https://docs.google.com/forms/d/e/1FAIpQLSffZugycOX3tUHW3uGhn5Cw0pj0fJDeIQf5oJ3EzZ-2vuj6Gg/viewform?entry.1274744182=https://twitter.com/Mustafakcroglu/status/1363157253801574403&entry.653903203=26581&usp=pp_url
",Neutral,No,No,No,['Religion']
1594793063276331011,"https://docs.google.com/forms/d/e/1FAIpQLSffZugycOX3tUHW3uGhn5Cw0pj0fJDeIQf5oJ3EzZ-2vuj6Gg/viewform?entry.1274744182=https://twitter.com/kargayuvasi/status/1594793063276331011&entry.653903203=26581&usp=pp_url
",Neutral,No,No,No,['nan']
1577614209109704705,"https://docs.google.com/forms/d/e/1FAIpQLSffZugycOX3tUHW3uGhn5Cw0pj0fJDeIQf5oJ3EzZ-2vuj6Gg/viewform?entry.1274744182=https://twitter.com/narin52615229/status/1577614209109704705&entry.653903203=26581&usp=pp_url
",Negative,Yes,No,Yes,"['Health', 'Democracy']"
1597446676901421056,"https://docs.google.com/forms/d/e/1FAIpQLSffZugycOX3tUHW3uGhn5Cw0pj0fJDeIQf5oJ3EzZ-2vuj6Gg/viewform?entry.1274744182=https://twitter.com/ilkeHaberAjansi/status/1597446676901421056&entry.653903203=26581&usp=pp_url
",Neutral,No,Yes,No,"['Health', 'Crime&justice']"
1584983365056286720,"https://docs.google.com/forms/d/e/1FAIpQLSffZugycOX3tUHW3uGhn5Cw0pj0fJDeIQf5oJ3EzZ-2vuj6Gg/viewform?entry.1274744182=https://twitter.com/ZekiyeKoc71/status/1584983365056286720&entry.653903203=26581&usp=pp_url
",Neutral,No,No,No,"['Advertisement', 'News']"
1594309376545853446,"https://docs.google.com/forms/d/e/1FAIpQLSffZugycOX3tUHW3uGhn5Cw0pj0fJDeIQf5oJ3EzZ-2vuj6Gg/viewform?entry.1274744182=https://twitter.com/MehmetBeran21/status/1594309376545853446&entry.653903203=26581&usp=pp_url
",Negative,No,Yes,Yes,"['Democracy', 'Crime&justice', 'Terrorism', 'Nationalsecurity', 'Foreignpolicy', 'Minorities&discrimination']"
1436963996008079363,"https://docs.google.com/forms/d/e/1FAIpQLSffZugycOX3tUHW3uGhn5Cw0pj0fJDeIQf5oJ3EzZ-2vuj6Gg/viewform?entry.1274744182=https://twitter.com/EmrhBlkr/status/1436963996008079363&entry.653903203=26581&usp=pp_url
",Negative,No,No,No,['Sports']
1404426717524004864,"https://docs.google.com/forms/d/e/1FAIpQLSffZugycOX3tUHW3uGhn5Cw0pj0fJDeIQf5oJ3EzZ-2vuj6Gg/viewform?entry.1274744182=https://twitter.com/siyennpi/status/1404426717524004864&entry.653903203=26581&usp=pp_url
",Neutral,No,No,No,"['Music&TV', 'Advertisement', 'News', 'Economy']"
1566224678477258753,"https://docs.google.com/forms/d/e/1FAIpQLSffZugycOX3tUHW3uGhn5Cw0pj0fJDeIQf5oJ3EzZ-2vuj6Gg/viewform?entry.1274744182=https://twitter.com/birgul1923/status/1566224678477258753&entry.653903203=26581&usp=pp_url
",Negative,No,Yes,No,"['Unemployment', 'Corruption', 'Education']"
1415032260571680768,"https://docs.google.com/forms/d/e/1FAIpQLSffZugycOX3tUHW3uGhn5Cw0pj0fJDeIQf5oJ3EzZ-2vuj6Gg/viewform?entry.1274744182=https://twitter.com/savasxozkan/status/1415032260571680768&entry.653903203=26581&usp=pp_url
",Neutral,No,No,No,['nan']
1570798571284500481,"https://docs.google.com/forms/d/e/1FAIpQLSffZugycOX3tUHW3uGhn5Cw0pj0fJDeIQf5oJ3EzZ-2vuj6Gg/viewform?entry.1274744182=https://twitter.com/HabilBaer4/status/1570798571284500481&entry.653903203=26581&usp=pp_url
",Neutral,No,No,No,"['Unemployment', 'Democracy', 'Crime&justice']"
1396364156694147072,"https://docs.google.com/forms/d/e/1FAIpQLSffZugycOX3tUHW3uGhn5Cw0pj0fJDeIQf5oJ3EzZ-2vuj6Gg/viewform?entry.1274744182=https://twitter.com/z1i1i/status/1396364156694147072&entry.653903203=26581&usp=pp_url
",Neutral,Yes,No,No,['Music&TV']
1597136891479961600,"https://docs.google.com/forms/d/e/1FAIpQLSffZugycOX3tUHW3uGhn5Cw0pj0fJDeIQf5oJ3EzZ-2vuj6Gg/viewform?entry.1274744182=https://twitter.com/Deniz058i/status/1597136891479961600&entry.653903203=26581&usp=pp_url
",Negative,Yes,No,No,"['Unemployment', 'Democracy']"
1416764041733754883,"https://docs.google.com/forms/d/e/1FAIpQLSffZugycOX3tUHW3uGhn5Cw0pj0fJDeIQf5oJ3EzZ-2vuj6Gg/viewform?entry.1274744182=https://twitter.com/canozum91/status/1416764041733754883&entry.653903203=26581&usp=pp_url
",Neutral,No,Yes,No,"['Economy', 'Inflation&poverty', 'Crime&justice']"
1548636597628899328,"https://docs.google.com/forms/d/e/1FAIpQLSffZugycOX3tUHW3uGhn5Cw0pj0fJDeIQf5oJ3EzZ-2vuj6Gg/viewform?entry.1274744182=https://twitter.com/canbulut3460/status/1548636597628899328&entry.653903203=26581&usp=pp_url
",Neutral,No,Yes,Yes,"['Immigration&refugees', 'Nationalsecurity', 'Foreignpolicy', 'Minorities&discrimination']"
1387441837791719424,"https://docs.google.com/forms/d/e/1FAIpQLSffZugycOX3tUHW3uGhn5Cw0pj0fJDeIQf5oJ3EzZ-2vuj6Gg/viewform?entry.1274744182=https://twitter.com/goldwnlarry/status/1387441837791719424&entry.653903203=26581&usp=pp_url
",Negative,Yes,No,No,['nan']
1400885568578461698,"https://docs.google.com/forms/d/e/1FAIpQLSffZugycOX3tUHW3uGhn5Cw0pj0fJDeIQf5oJ3EzZ-2vuj6Gg/viewform?entry.1274744182=https://twitter.com/OkanKrkmz3/status/1400885568578461698&entry.653903203=26581&usp=pp_url
",Neutral,No,Yes,No,"['News', 'Corruption', 'Democracy', 'Crime&justice', 'Nationalsecurity']"
1345521492302442496,"https://docs.google.com/forms/d/e/1FAIpQLSffZugycOX3tUHW3uGhn5Cw0pj0fJDeIQf5oJ3EzZ-2vuj6Gg/viewform?entry.1274744182=https://twitter.com/gizilibirisi/status/1345521492302442496&entry.653903203=26581&usp=pp_url
",Positive,Yes,No,Yes,['Music&TV']
1372794321141788672,"https://docs.google.com/forms/d/e/1FAIpQLSffZugycOX3tUHW3uGhn5Cw0pj0fJDeIQf5oJ3EzZ-2vuj6Gg/viewform?entry.1274744182=https://twitter.com/sevvalciiim_/status/1372794321141788672&entry.653903203=26581&usp=pp_url
",Negative,Yes,No,No,['nan']
1569589330544398336,"https://docs.google.com/forms/d/e/1FAIpQLSffZugycOX3tUHW3uGhn5Cw0pj0fJDeIQf5oJ3EzZ-2vuj6Gg/viewform?entry.1274744182=https://twitter.com/AhSuCilginUzman/status/1569589330544398336&entry.653903203=26581&usp=pp_url
",Positive,Yes,Yes,No,"['Terrorism', 'Nationalsecurity']"
1595843092573458432,"https://docs.google.com/forms/d/e/1FAIpQLSffZugycOX3tUHW3uGhn5Cw0pj0fJDeIQf5oJ3EzZ-2vuj6Gg/viewform?entry.1274744182=https://twitter.com/segah00/status/1595843092573458432&entry.653903203=26581&usp=pp_url
",Negative,Yes,Yes,No,"['Crime&justice', 'Terrorism']"
1588145122767765504,"https://docs.google.com/forms/d/e/1FAIpQLSffZugycOX3tUHW3uGhn5Cw0pj0fJDeIQf5oJ3EzZ-2vuj6Gg/viewform?entry.1274744182=https://twitter.com/jawarecep2071/status/1588145122767765504&entry.653903203=26581&usp=pp_url
",Neutral,No,Yes,No,"['Economy', 'Democracy']"
1375550115616788483,"https://docs.google.com/forms/d/e/1FAIpQLSffZugycOX3tUHW3uGhn5Cw0pj0fJDeIQf5oJ3EzZ-2vuj6Gg/viewform?entry.1274744182=https://twitter.com/eftalyaceviker_/status/1375550115616788483&entry.653903203=26581&usp=pp_url
",Neutral,Yes,No,No,['Music&TV']
1549120887013937152,"https://docs.google.com/forms/d/e/1FAIpQLSffZugycOX3tUHW3uGhn5Cw0pj0fJDeIQf5oJ3EzZ-2vuj6Gg/viewform?entry.1274744182=https://twitter.com/Culaccino2017/status/1549120887013937152&entry.653903203=26581&usp=pp_url
",Neutral,Yes,Yes,No,"['Economy', 'Crime&justice']"
1350891386330034176,"https://docs.google.com/forms/d/e/1FAIpQLSffZugycOX3tUHW3uGhn5Cw0pj0fJDeIQf5oJ3EzZ-2vuj6Gg/viewform?entry.1274744182=https://twitter.com/talerk/status/1350891386330034176&entry.653903203=26581&usp=pp_url
",Neutral,Yes,No,No,['Sports']
1567448148787826690,"https://docs.google.com/forms/d/e/1FAIpQLSffZugycOX3tUHW3uGhn5Cw0pj0fJDeIQf5oJ3EzZ-2vuj6Gg/viewform?entry.1274744182=https://twitter.com/arasfb01/status/1567448148787826690&entry.653903203=26581&usp=pp_url
",Neutral,No,Yes,No,"['Unemployment', 'Education', 'Crime&justice']"
1594056877633318912,"https://docs.google.com/forms/d/e/1FAIpQLSffZugycOX3tUHW3uGhn5Cw0pj0fJDeIQf5oJ3EzZ-2vuj6Gg/viewform?entry.1274744182=https://twitter.com/kilicaner/status/1594056877633318912&entry.653903203=26581&usp=pp_url
",Negative,Yes,Yes,No,"['Democracy', 'Election']"
1594352902197354499,"https://docs.google.com/forms/d/e/1FAIpQLSffZugycOX3tUHW3uGhn5Cw0pj0fJDeIQf5oJ3EzZ-2vuj6Gg/viewform?entry.1274744182=https://twitter.com/mehay97/status/1594352902197354499&entry.653903203=26581&usp=pp_url
",Neutral,No,No,No,"['Economy', 'Unemployment', 'Education', 'Democracy']"
1370298350818496515,"https://docs.google.com/forms/d/e/1FAIpQLSffZugycOX3tUHW3uGhn5Cw0pj0fJDeIQf5oJ3EzZ-2vuj6Gg/viewform?entry.1274744182=https://twitter.com/Grselci3/status/1370298350818496515&entry.653903203=26581&usp=pp_url
",Positive,Yes,No,No,"['Unemployment', 'Democracy', 'Crime&justice']"
1592120408073203712,"https://docs.google.com/forms/d/e/1FAIpQLSffZugycOX3tUHW3uGhn5Cw0pj0fJDeIQf5oJ3EzZ-2vuj6Gg/viewform?entry.1274744182=https://twitter.com/shingensbanner/status/1592120408073203712&entry.653903203=26581&usp=pp_url
",Negative,Yes,Yes,No,"['Health', 'Crime&justice', 'Terrorism', 'Nationalsecurity']"
1416708387060994048,"https://docs.google.com/forms/d/e/1FAIpQLSffZugycOX3tUHW3uGhn5Cw0pj0fJDeIQf5oJ3EzZ-2vuj6Gg/viewform?entry.1274744182=https://twitter.com/dfiratyucel/status/1416708387060994048&entry.653903203=26581&usp=pp_url
",Negative,Yes,Yes,No,"['Unemployment', 'Education', 'Crime&justice']"
1349282822931046400,"https://docs.google.com/forms/d/e/1FAIpQLSffZugycOX3tUHW3uGhn5Cw0pj0fJDeIQf5oJ3EzZ-2vuj6Gg/viewform?entry.1274744182=https://twitter.com/HavadisGazetesi/status/1349282822931046400&entry.653903203=26581&usp=pp_url
",Positive,No,No,No,['Health']
1585766233491886081,"https://docs.google.com/forms/d/e/1FAIpQLSffZugycOX3tUHW3uGhn5Cw0pj0fJDeIQf5oJ3EzZ-2vuj6Gg/viewform?entry.1274744182=https://twitter.com/ekalkanli2023/status/1585766233491886081&entry.653903203=26581&usp=pp_url
",Neutral,No,Yes,No,"['Corruption', 'Crime&justice']"
1595071543696031744,"https://docs.google.com/forms/d/e/1FAIpQLSffZugycOX3tUHW3uGhn5Cw0pj0fJDeIQf5oJ3EzZ-2vuj6Gg/viewform?entry.1274744182=https://twitter.com/ve_aydin/status/1595071543696031744&entry.653903203=26581&usp=pp_url
",Neutral,Yes,No,No,['nan']
1546164882680283136,"https://docs.google.com/forms/d/e/1FAIpQLSffZugycOX3tUHW3uGhn5Cw0pj0fJDeIQf5oJ3EzZ-2vuj6Gg/viewform?entry.1274744182=https://twitter.com/meelikeeylmaz/status/1546164882680283136&entry.653903203=26581&usp=pp_url
",Negative,Yes,Yes,No,"['News', 'Corruption', 'Crime&justice']"
1394615512341127174,"https://docs.google.com/forms/d/e/1FAIpQLSffZugycOX3tUHW3uGhn5Cw0pj0fJDeIQf5oJ3EzZ-2vuj6Gg/viewform?entry.1274744182=https://twitter.com/adentsts/status/1394615512341127174&entry.653903203=26581&usp=pp_url
",Negative,Yes,Yes,No,"['Democracy', 'Crime&justice']"
1564926450096013313,"https://docs.google.com/forms/d/e/1FAIpQLSffZugycOX3tUHW3uGhn5Cw0pj0fJDeIQf5oJ3EzZ-2vuj6Gg/viewform?entry.1274744182=https://twitter.com/sbolusonsoz/status/1564926450096013313&entry.653903203=26581&usp=pp_url
",Neutral,No,No,No,"['Advertisement', 'News']"
1588130876486991872,"https://docs.google.com/forms/d/e/1FAIpQLSffZugycOX3tUHW3uGhn5Cw0pj0fJDeIQf5oJ3EzZ-2vuj6Gg/viewform?entry.1274744182=https://twitter.com/selim13027762/status/1588130876486991872&entry.653903203=26581&usp=pp_url
",Positive,Yes,Yes,No,"['News', 'Economy', 'Education']"
1597920845610987521,"https://docs.google.com/forms/d/e/1FAIpQLSffZugycOX3tUHW3uGhn5Cw0pj0fJDeIQf5oJ3EzZ-2vuj6Gg/viewform?entry.1274744182=https://twitter.com/ReyhanErten5/status/1597920845610987521&entry.653903203=26581&usp=pp_url
",Neutral,No,Yes,No,"['Education', 'Health', 'Crime&justice']"
1596815186668974080,"https://docs.google.com/forms/d/e/1FAIpQLSffZugycOX3tUHW3uGhn5Cw0pj0fJDeIQf5oJ3EzZ-2vuj6Gg/viewform?entry.1274744182=https://twitter.com/Zekiyekoc7166/status/1596815186668974080&entry.653903203=26581&usp=pp_url
",Negative,No,Yes,No,['Unemployment']
1365726640416976906,"https://docs.google.com/forms/d/e/1FAIpQLSffZugycOX3tUHW3uGhn5Cw0pj0fJDeIQf5oJ3EzZ-2vuj6Gg/viewform?entry.1274744182=https://twitter.com/minminsoz/status/1365726640416976906&entry.653903203=26581&usp=pp_url
",Neutral,Yes,No,No,['nan']
1379414531743625217,"https://docs.google.com/forms/d/e/1FAIpQLSffZugycOX3tUHW3uGhn5Cw0pj0fJDeIQf5oJ3EzZ-2vuj6Gg/viewform?entry.1274744182=https://twitter.com/haberigo/status/1379414531743625217&entry.653903203=26581&usp=pp_url
",Neutral,No,No,No,"['News', 'Health']"
1562900088438984704,"https://docs.google.com/forms/d/e/1FAIpQLSffZugycOX3tUHW3uGhn5Cw0pj0fJDeIQf5oJ3EzZ-2vuj6Gg/viewform?entry.1274744182=https://twitter.com/CerkezogluCuma/status/1562900088438984704&entry.653903203=26581&usp=pp_url
",Neutral,No,Yes,No,"['Corruption', 'Minorities&discrimination']"
1345006136911654913,"https://docs.google.com/forms/d/e/1FAIpQLSffZugycOX3tUHW3uGhn5Cw0pj0fJDeIQf5oJ3EzZ-2vuj6Gg/viewform?entry.1274744182=https://twitter.com/YakutAhmet/status/1345006136911654913&entry.653903203=26581&usp=pp_url
",Negative,Yes,Yes,No,['News']
1589993032975544320,"https://docs.google.com/forms/d/e/1FAIpQLSffZugycOX3tUHW3uGhn5Cw0pj0fJDeIQf5oJ3EzZ-2vuj6Gg/viewform?entry.1274744182=https://twitter.com/hasannegr/status/1589993032975544320&entry.653903203=26581&usp=pp_url
",Negative,Yes,Yes,Yes,"['Democracy', 'Terrorism', 'Nationalsecurity']"
1546176484376813568,"https://docs.google.com/forms/d/e/1FAIpQLSffZugycOX3tUHW3uGhn5Cw0pj0fJDeIQf5oJ3EzZ-2vuj6Gg/viewform?entry.1274744182=https://twitter.com/brahimKkoglu1/status/1546176484376813568&entry.653903203=26581&usp=pp_url
",Negative,No,Yes,Yes,"['News', 'Economy', 'Democracy']"
1553599876197408768,"https://docs.google.com/forms/d/e/1FAIpQLSffZugycOX3tUHW3uGhn5Cw0pj0fJDeIQf5oJ3EzZ-2vuj6Gg/viewform?entry.1274744182=https://twitter.com/HseyinD61316479/status/1553599876197408768&entry.653903203=26581&usp=pp_url
",Positive,No,Yes,No,['News']
1573749378854027265,"https://docs.google.com/forms/d/e/1FAIpQLSffZugycOX3tUHW3uGhn5Cw0pj0fJDeIQf5oJ3EzZ-2vuj6Gg/viewform?entry.1274744182=https://twitter.com/huzur2411/status/1573749378854027265&entry.653903203=26581&usp=pp_url
",Neutral,No,No,No,"['News', 'Unemployment']"
1375438643167367171,"https://docs.google.com/forms/d/e/1FAIpQLSffZugycOX3tUHW3uGhn5Cw0pj0fJDeIQf5oJ3EzZ-2vuj6Gg/viewform?entry.1274744182=https://twitter.com/HwhsjwH/status/1375438643167367171&entry.653903203=26581&usp=pp_url
",Negative,No,Yes,No,"['Democracy', 'Crime&justice', 'Minorities&discrimination']"
1594242562537443331,"https://docs.google.com/forms/d/e/1FAIpQLSffZugycOX3tUHW3uGhn5Cw0pj0fJDeIQf5oJ3EzZ-2vuj6Gg/viewform?entry.1274744182=https://twitter.com/300ccc300/status/1594242562537443331&entry.653903203=26581&usp=pp_url
",Negative,Yes,No,No,"['Health', 'Crime&justice']"
1585376074787323905,"https://docs.google.com/forms/d/e/1FAIpQLSffZugycOX3tUHW3uGhn5Cw0pj0fJDeIQf5oJ3EzZ-2vuj6Gg/viewform?entry.1274744182=https://twitter.com/Muruz25/status/1585376074787323905&entry.653903203=26581&usp=pp_url
",Negative,Yes,Yes,No,"['Corruption', 'Education', 'Democracy', 'Election']"
1424139185481469954,"https://docs.google.com/forms/d/e/1FAIpQLSffZugycOX3tUHW3uGhn5Cw0pj0fJDeIQf5oJ3EzZ-2vuj6Gg/viewform?entry.1274744182=https://twitter.com/regodiyeceksin/status/1424139185481469954&entry.653903203=26581&usp=pp_url
",Positive,Yes,No,No,['nan']
1388235183653011462,"https://docs.google.com/forms/d/e/1FAIpQLSffZugycOX3tUHW3uGhn5Cw0pj0fJDeIQf5oJ3EzZ-2vuj6Gg/viewform?entry.1274744182=https://twitter.com/tbzoc/status/1388235183653011462&entry.653903203=26581&usp=pp_url
",Neutral,No,No,No,['Sports']
1585013029019693057,"https://docs.google.com/forms/d/e/1FAIpQLSffZugycOX3tUHW3uGhn5Cw0pj0fJDeIQf5oJ3EzZ-2vuj6Gg/viewform?entry.1274744182=https://twitter.com/frkuzun/status/1585013029019693057&entry.653903203=26581&usp=pp_url
",Negative,Yes,No,No,['Economy']
1585698098155659264,"https://docs.google.com/forms/d/e/1FAIpQLSffZugycOX3tUHW3uGhn5Cw0pj0fJDeIQf5oJ3EzZ-2vuj6Gg/viewform?entry.1274744182=https://twitter.com/Duygugeles21/status/1585698098155659264&entry.653903203=26581&usp=pp_url
",Neutral,No,No,No,"['Unemployment', 'Health']"
1564688625937293312,"https://docs.google.com/forms/d/e/1FAIpQLSffZugycOX3tUHW3uGhn5Cw0pj0fJDeIQf5oJ3EzZ-2vuj6Gg/viewform?entry.1274744182=https://twitter.com/adaLain9/status/1564688625937293312&entry.653903203=26581&usp=pp_url
",Negative,Yes,Yes,No,"['Democracy', 'Election', 'Nationalsecurity']"
1593492708789829638,"https://docs.google.com/forms/d/e/1FAIpQLSffZugycOX3tUHW3uGhn5Cw0pj0fJDeIQf5oJ3EzZ-2vuj6Gg/viewform?entry.1274744182=https://twitter.com/Sahin06Songul/status/1593492708789829638&entry.653903203=26581&usp=pp_url
",Negative,No,Yes,Yes,"['Economy', 'Inflation&poverty', 'Crime&justice']"
1596828737752137729,"https://docs.google.com/forms/d/e/1FAIpQLSffZugycOX3tUHW3uGhn5Cw0pj0fJDeIQf5oJ3EzZ-2vuj6Gg/viewform?entry.1274744182=https://twitter.com/KvlcmSari/status/1596828737752137729&entry.653903203=26581&usp=pp_url
",Neutral,No,No,No,['Unemployment']
1435386323251064835,"https://docs.google.com/forms/d/e/1FAIpQLSffZugycOX3tUHW3uGhn5Cw0pj0fJDeIQf5oJ3EzZ-2vuj6Gg/viewform?entry.1274744182=https://twitter.com/sprstrvg/status/1435386323251064835&entry.653903203=26581&usp=pp_url
",Positive,Yes,No,No,['Music&TV']
1595468724127105024,"https://docs.google.com/forms/d/e/1FAIpQLSffZugycOX3tUHW3uGhn5Cw0pj0fJDeIQf5oJ3EzZ-2vuj6Gg/viewform?entry.1274744182=https://twitter.com/cancan66379631/status/1595468724127105024&entry.653903203=26581&usp=pp_url
",Neutral,No,No,No,"['Unemployment', 'Education']"
1573269219856326658,"https://docs.google.com/forms/d/e/1FAIpQLSffZugycOX3tUHW3uGhn5Cw0pj0fJDeIQf5oJ3EzZ-2vuj6Gg/viewform?entry.1274744182=https://twitter.com/hseyincahitAta4/status/1573269219856326658&entry.653903203=26581&usp=pp_url
",Negative,Yes,Yes,No,['Corruption']
1369236899567722498,"https://docs.google.com/forms/d/e/1FAIpQLSffZugycOX3tUHW3uGhn5Cw0pj0fJDeIQf5oJ3EzZ-2vuj6Gg/viewform?entry.1274744182=https://twitter.com/betulozen/status/1369236899567722498&entry.653903203=26581&usp=pp_url
",Neutral,No,Yes,No,"['Crime&justice', 'Terrorism']"
1551163840368414722,"https://docs.google.com/forms/d/e/1FAIpQLSffZugycOX3tUHW3uGhn5Cw0pj0fJDeIQf5oJ3EzZ-2vuj6Gg/viewform?entry.1274744182=https://twitter.com/SED58417690/status/1551163840368414722&entry.653903203=26581&usp=pp_url
",Neutral,Yes,No,No,"['Unemployment', 'Education', 'Democracy']"
1567256445179117570,"https://docs.google.com/forms/d/e/1FAIpQLSffZugycOX3tUHW3uGhn5Cw0pj0fJDeIQf5oJ3EzZ-2vuj6Gg/viewform?entry.1274744182=https://twitter.com/mynet/status/1567256445179117570&entry.653903203=26581&usp=pp_url
",Neutral,No,Yes,No,"['News', 'Crime&justice', 'Nationalsecurity']"
1586941632808632320,"https://docs.google.com/forms/d/e/1FAIpQLSffZugycOX3tUHW3uGhn5Cw0pj0fJDeIQf5oJ3EzZ-2vuj6Gg/viewform?entry.1274744182=https://twitter.com/liplip_gs1905/status/1586941632808632320&entry.653903203=26581&usp=pp_url
",Negative,Yes,Yes,No,"['Religion', 'News', 'Democracy']"
1587404846218547200,"https://docs.google.com/forms/d/e/1FAIpQLSffZugycOX3tUHW3uGhn5Cw0pj0fJDeIQf5oJ3EzZ-2vuj6Gg/viewform?entry.1274744182=https://twitter.com/mcalisir32/status/1587404846218547200&entry.653903203=26581&usp=pp_url
",Negative,No,Yes,No,['nan']
1585286531950039040,"https://docs.google.com/forms/d/e/1FAIpQLSffZugycOX3tUHW3uGhn5Cw0pj0fJDeIQf5oJ3EzZ-2vuj6Gg/viewform?entry.1274744182=https://twitter.com/catcatkadir/status/1585286531950039040&entry.653903203=26581&usp=pp_url
",Neutral,No,Yes,No,"['News', 'Terrorism', 'Nationalsecurity']"
1359248275308707843,"https://docs.google.com/forms/d/e/1FAIpQLSffZugycOX3tUHW3uGhn5Cw0pj0fJDeIQf5oJ3EzZ-2vuj6Gg/viewform?entry.1274744182=https://twitter.com/ayseebzkrtt/status/1359248275308707843&entry.653903203=26581&usp=pp_url
",Neutral,Yes,No,No,['nan']
1597274845381029888,"https://docs.google.com/forms/d/e/1FAIpQLSffZugycOX3tUHW3uGhn5Cw0pj0fJDeIQf5oJ3EzZ-2vuj6Gg/viewform?entry.1274744182=https://twitter.com/ygzunsl/status/1597274845381029888&entry.653903203=26581&usp=pp_url
",Neutral,No,Yes,No,"['News', 'Democracy', 'Crime&justice']"
1353444862222344194,"https://docs.google.com/forms/d/e/1FAIpQLSffZugycOX3tUHW3uGhn5Cw0pj0fJDeIQf5oJ3EzZ-2vuj6Gg/viewform?entry.1274744182=https://twitter.com/nehircinizzzz/status/1353444862222344194&entry.653903203=26581&usp=pp_url
",Neutral,No,No,No,['Music&TV']
1358355256388812800,"https://docs.google.com/forms/d/e/1FAIpQLSffZugycOX3tUHW3uGhn5Cw0pj0fJDeIQf5oJ3EzZ-2vuj6Gg/viewform?entry.1274744182=https://twitter.com/TOM4OWAL3S/status/1358355256388812800&entry.653903203=26581&usp=pp_url
",Positive,No,No,No,['nan']
1352635736537882629,"https://docs.google.com/forms/d/e/1FAIpQLSffZugycOX3tUHW3uGhn5Cw0pj0fJDeIQf5oJ3EzZ-2vuj6Gg/viewform?entry.1274744182=https://twitter.com/Limit_less_Life/status/1352635736537882629&entry.653903203=26581&usp=pp_url
",Negative,No,No,No,['Health']
1590032851893768192,"https://docs.google.com/forms/d/e/1FAIpQLSffZugycOX3tUHW3uGhn5Cw0pj0fJDeIQf5oJ3EzZ-2vuj6Gg/viewform?entry.1274744182=https://twitter.com/MAHKUMYAKN14/status/1590032851893768192&entry.653903203=26581&usp=pp_url
",Neutral,No,Yes,No,"['News', 'Democracy', 'Crime&justice']"
1597512443328167936,"https://docs.google.com/forms/d/e/1FAIpQLSffZugycOX3tUHW3uGhn5Cw0pj0fJDeIQf5oJ3EzZ-2vuj6Gg/viewform?entry.1274744182=https://twitter.com/MehmetA41362904/status/1597512443328167936&entry.653903203=26581&usp=pp_url
",Negative,No,Yes,No,"['Democracy', 'Election', 'Crime&justice']"
1427339600083791885,"https://docs.google.com/forms/d/e/1FAIpQLSffZugycOX3tUHW3uGhn5Cw0pj0fJDeIQf5oJ3EzZ-2vuj6Gg/viewform?entry.1274744182=https://twitter.com/YunusGn52/status/1427339600083791885&entry.653903203=26581&usp=pp_url
",Neutral,No,No,No,['Sports']
1562156307850969090,"https://docs.google.com/forms/d/e/1FAIpQLSffZugycOX3tUHW3uGhn5Cw0pj0fJDeIQf5oJ3EzZ-2vuj6Gg/viewform?entry.1274744182=https://twitter.com/BabaVooss/status/1562156307850969090&entry.653903203=26581&usp=pp_url
",Negative,No,Yes,No,"['News', 'Democracy']"
1588915997859545089,"https://docs.google.com/forms/d/e/1FAIpQLSffZugycOX3tUHW3uGhn5Cw0pj0fJDeIQf5oJ3EzZ-2vuj6Gg/viewform?entry.1274744182=https://twitter.com/MalcokFatih/status/1588915997859545089&entry.653903203=26581&usp=pp_url
",Negative,Yes,Yes,No,"['Democracy', 'Crime&justice']"
1596129900846616576,"https://docs.google.com/forms/d/e/1FAIpQLSffZugycOX3tUHW3uGhn5Cw0pj0fJDeIQf5oJ3EzZ-2vuj6Gg/viewform?entry.1274744182=https://twitter.com/HaHanifeha/status/1596129900846616576&entry.653903203=26581&usp=pp_url
",Negative,Yes,Yes,No,['Unemployment']
1391347886554820608,"https://docs.google.com/forms/d/e/1FAIpQLSffZugycOX3tUHW3uGhn5Cw0pj0fJDeIQf5oJ3EzZ-2vuj6Gg/viewform?entry.1274744182=https://twitter.com/simyacivko/status/1391347886554820608&entry.653903203=26581&usp=pp_url
",Positive,No,No,No,['Music&TV']
1346869392320159744,"https://docs.google.com/forms/d/e/1FAIpQLSffZugycOX3tUHW3uGhn5Cw0pj0fJDeIQf5oJ3EzZ-2vuj6Gg/viewform?entry.1274744182=https://twitter.com/Haritacikadroi1/status/1346869392320159744&entry.653903203=26581&usp=pp_url
",Neutral,No,No,No,['Unemployment']
1592440587923632128,"https://docs.google.com/forms/d/e/1FAIpQLSffZugycOX3tUHW3uGhn5Cw0pj0fJDeIQf5oJ3EzZ-2vuj6Gg/viewform?entry.1274744182=https://twitter.com/AzizErguven/status/1592440587923632128&entry.653903203=26581&usp=pp_url
",Neutral,No,No,No,['News']
1562532441394655234,"https://docs.google.com/forms/d/e/1FAIpQLSffZugycOX3tUHW3uGhn5Cw0pj0fJDeIQf5oJ3EzZ-2vuj6Gg/viewform?entry.1274744182=https://twitter.com/MalcokFatih/status/1562532441394655234&entry.653903203=26581&usp=pp_url
",Negative,No,Yes,Yes,"['Terrorism', 'Nationalsecurity']"
1557748217424617472,"https://docs.google.com/forms/d/e/1FAIpQLSffZugycOX3tUHW3uGhn5Cw0pj0fJDeIQf5oJ3EzZ-2vuj6Gg/viewform?entry.1274744182=https://twitter.com/ZeynaCesur/status/1557748217424617472&entry.653903203=26581&usp=pp_url
",Negative,No,No,Yes,['Minorities&discrimination']
1549154876013289473,"https://docs.google.com/forms/d/e/1FAIpQLSffZugycOX3tUHW3uGhn5Cw0pj0fJDeIQf5oJ3EzZ-2vuj6Gg/viewform?entry.1274744182=https://twitter.com/Akyz10Nee/status/1549154876013289473&entry.653903203=26581&usp=pp_url
",Neutral,No,No,No,"['Economy', 'Crime&justice']"
1583121225651351553,"https://docs.google.com/forms/d/e/1FAIpQLSffZugycOX3tUHW3uGhn5Cw0pj0fJDeIQf5oJ3EzZ-2vuj6Gg/viewform?entry.1274744182=https://twitter.com/0Adm1/status/1583121225651351553&entry.653903203=26581&usp=pp_url
",Negative,No,No,No,"['Economy', 'Inflation&poverty']"
1561945710924382209,"https://docs.google.com/forms/d/e/1FAIpQLSffZugycOX3tUHW3uGhn5Cw0pj0fJDeIQf5oJ3EzZ-2vuj6Gg/viewform?entry.1274744182=https://twitter.com/YavuzSametGler2/status/1561945710924382209&entry.653903203=26581&usp=pp_url
",Negative,No,Yes,No,"['Unemployment', 'Crime&justice', 'Terrorism', 'Nationalsecurity']"
1591987769802645505,"https://docs.google.com/forms/d/e/1FAIpQLSffZugycOX3tUHW3uGhn5Cw0pj0fJDeIQf5oJ3EzZ-2vuj6Gg/viewform?entry.1274744182=https://twitter.com/nkulunk/status/1591987769802645505&entry.653903203=26581&usp=pp_url
",Neutral,No,No,No,['nan']
1424788391602835461,"https://docs.google.com/forms/d/e/1FAIpQLSffZugycOX3tUHW3uGhn5Cw0pj0fJDeIQf5oJ3EzZ-2vuj6Gg/viewform?entry.1274744182=https://twitter.com/YapiKrediHizmet/status/1424788391602835461&entry.653903203=26581&usp=pp_url
",Neutral,No,No,No,['nan']
1594446194058694656,"https://docs.google.com/forms/d/e/1FAIpQLSffZugycOX3tUHW3uGhn5Cw0pj0fJDeIQf5oJ3EzZ-2vuj6Gg/viewform?entry.1274744182=https://twitter.com/avsbulbul/status/1594446194058694656&entry.653903203=26581&usp=pp_url
",Negative,No,Yes,No,"['Democracy', 'Election', 'Nationalsecurity']"
1589650824778874883,"https://docs.google.com/forms/d/e/1FAIpQLSffZugycOX3tUHW3uGhn5Cw0pj0fJDeIQf5oJ3EzZ-2vuj6Gg/viewform?entry.1274744182=https://twitter.com/safi_turkk/status/1589650824778874883&entry.653903203=26581&usp=pp_url
",Negative,No,Yes,No,"['Inflation&poverty', 'Democracy']"
1562853131251118081,"https://docs.google.com/forms/d/e/1FAIpQLSffZugycOX3tUHW3uGhn5Cw0pj0fJDeIQf5oJ3EzZ-2vuj6Gg/viewform?entry.1274744182=https://twitter.com/akanturker/status/1562853131251118081&entry.653903203=26581&usp=pp_url
",Positive,Yes,No,No,['nan']
1595778348143284225,"https://docs.google.com/forms/d/e/1FAIpQLSffZugycOX3tUHW3uGhn5Cw0pj0fJDeIQf5oJ3EzZ-2vuj6Gg/viewform?entry.1274744182=https://twitter.com/OSMANEL26600119/status/1595778348143284225&entry.653903203=26581&usp=pp_url
",Neutral,Yes,Yes,No,['Unemployment']
1588568792984346624,"https://docs.google.com/forms/d/e/1FAIpQLSffZugycOX3tUHW3uGhn5Cw0pj0fJDeIQf5oJ3EzZ-2vuj6Gg/viewform?entry.1274744182=https://twitter.com/Maviruh_/status/1588568792984346624&entry.653903203=26581&usp=pp_url
",Neutral,No,No,No,"['Unemployment', 'Education']"
1345623267114180609,"https://docs.google.com/forms/d/e/1FAIpQLSffZugycOX3tUHW3uGhn5Cw0pj0fJDeIQf5oJ3EzZ-2vuj6Gg/viewform?entry.1274744182=https://twitter.com/Run2_Death/status/1345623267114180609&entry.653903203=26581&usp=pp_url
",Positive,No,No,No,['nan']
1597211557481811968,"https://docs.google.com/forms/d/e/1FAIpQLSffZugycOX3tUHW3uGhn5Cw0pj0fJDeIQf5oJ3EzZ-2vuj6Gg/viewform?entry.1274744182=https://twitter.com/gibisine/status/1597211557481811968&entry.653903203=26581&usp=pp_url
",Neutral,No,Yes,No,"['Unemployment', 'Education', 'Health', 'Crime&justice']"
1592612842053996544,"https://docs.google.com/forms/d/e/1FAIpQLSffZugycOX3tUHW3uGhn5Cw0pj0fJDeIQf5oJ3EzZ-2vuj6Gg/viewform?entry.1274744182=https://twitter.com/aytacturhan/status/1592612842053996544&entry.653903203=26581&usp=pp_url
",Negative,No,No,No,"['Crime&justice', 'Terrorism', 'Nationalsecurity']"
1592583091750834179,"https://docs.google.com/forms/d/e/1FAIpQLSffZugycOX3tUHW3uGhn5Cw0pj0fJDeIQf5oJ3EzZ-2vuj6Gg/viewform?entry.1274744182=https://twitter.com/mreis1453/status/1592583091750834179&entry.653903203=26581&usp=pp_url
",Negative,No,Yes,Yes,"['News', 'Crime&justice', 'Terrorism', 'Nationalsecurity']"
1379465297090985984,"https://docs.google.com/forms/d/e/1FAIpQLSffZugycOX3tUHW3uGhn5Cw0pj0fJDeIQf5oJ3EzZ-2vuj6Gg/viewform?entry.1274744182=https://twitter.com/meleekyldzzz/status/1379465297090985984&entry.653903203=26581&usp=pp_url
",Negative,Yes,No,No,['nan']
1577736714273144833,"https://docs.google.com/forms/d/e/1FAIpQLSffZugycOX3tUHW3uGhn5Cw0pj0fJDeIQf5oJ3EzZ-2vuj6Gg/viewform?entry.1274744182=https://twitter.com/MedineA53732379/status/1577736714273144833&entry.653903203=26581&usp=pp_url
",Neutral,No,Yes,No,"['Unemployment', 'Education', 'Health']"
1583477966373543936,"https://docs.google.com/forms/d/e/1FAIpQLSffZugycOX3tUHW3uGhn5Cw0pj0fJDeIQf5oJ3EzZ-2vuj6Gg/viewform?entry.1274744182=https://twitter.com/tr3424910214991/status/1583477966373543936&entry.653903203=26581&usp=pp_url
",Negative,Yes,Yes,Yes,"['News', 'Democracy', 'Election', 'Crime&justice']"
1595871258985615361,"https://docs.google.com/forms/d/e/1FAIpQLSffZugycOX3tUHW3uGhn5Cw0pj0fJDeIQf5oJ3EzZ-2vuj6Gg/viewform?entry.1274744182=https://twitter.com/s_061974/status/1595871258985615361&entry.653903203=26581&usp=pp_url
",Negative,No,Yes,No,"['Unemployment', 'Democracy', 'Crime&justice']"
1346861095563223042,"https://docs.google.com/forms/d/e/1FAIpQLSffZugycOX3tUHW3uGhn5Cw0pj0fJDeIQf5oJ3EzZ-2vuj6Gg/viewform?entry.1274744182=https://twitter.com/monasuraa/status/1346861095563223042&entry.653903203=26581&usp=pp_url
",Positive,No,No,No,['Music&TV']
1594018096846495745,"https://docs.google.com/forms/d/e/1FAIpQLSffZugycOX3tUHW3uGhn5Cw0pj0fJDeIQf5oJ3EzZ-2vuj6Gg/viewform?entry.1274744182=https://twitter.com/esilacankaya/status/1594018096846495745&entry.653903203=26581&usp=pp_url
",Negative,Yes,Yes,No,"['Economy', 'Inflation&poverty', 'Unemployment', 'Education']"
1576653232323317760,"https://docs.google.com/forms/d/e/1FAIpQLSffZugycOX3tUHW3uGhn5Cw0pj0fJDeIQf5oJ3EzZ-2vuj6Gg/viewform?entry.1274744182=https://twitter.com/beththemac/status/1576653232323317760&entry.653903203=26581&usp=pp_url
",Neutral,No,No,No,"['Economy', 'Unemployment']"
1565312596135354373,"https://docs.google.com/forms/d/e/1FAIpQLSffZugycOX3tUHW3uGhn5Cw0pj0fJDeIQf5oJ3EzZ-2vuj6Gg/viewform?entry.1274744182=https://twitter.com/Nursela60044416/status/1565312596135354373&entry.653903203=26581&usp=pp_url
",Positive,Yes,Yes,No,"['Unemployment', 'Democracy', 'Election']"
1587780112237400064,"https://docs.google.com/forms/d/e/1FAIpQLSffZugycOX3tUHW3uGhn5Cw0pj0fJDeIQf5oJ3EzZ-2vuj6Gg/viewform?entry.1274744182=https://twitter.com/Hatice45153529/status/1587780112237400064&entry.653903203=26581&usp=pp_url
",Neutral,No,Yes,No,"['News', 'Democracy', 'Election', 'Crime&justice']"
1595522371057754112,"https://docs.google.com/forms/d/e/1FAIpQLSffZugycOX3tUHW3uGhn5Cw0pj0fJDeIQf5oJ3EzZ-2vuj6Gg/viewform?entry.1274744182=https://twitter.com/UgurMemi6/status/1595522371057754112&entry.653903203=26581&usp=pp_url
",Negative,No,Yes,Yes,"['Democracy', 'Crime&justice', 'Nationalsecurity']"
1597973525893386242,"https://docs.google.com/forms/d/e/1FAIpQLSffZugycOX3tUHW3uGhn5Cw0pj0fJDeIQf5oJ3EzZ-2vuj6Gg/viewform?entry.1274744182=https://twitter.com/omarkha18979931/status/1597973525893386242&entry.653903203=26581&usp=pp_url
",Negative,Yes,Yes,No,"['Corruption', 'Crime&justice']"
1546933044602355714,"https://docs.google.com/forms/d/e/1FAIpQLSffZugycOX3tUHW3uGhn5Cw0pj0fJDeIQf5oJ3EzZ-2vuj6Gg/viewform?entry.1274744182=https://twitter.com/nailetin5/status/1546933044602355714&entry.653903203=26581&usp=pp_url
",Negative,No,Yes,No,"['Economy', 'Corruption', 'Health', 'Democracy', 'Immigration&refugees']"
1595497680800817152,"https://docs.google.com/forms/d/e/1FAIpQLSffZugycOX3tUHW3uGhn5Cw0pj0fJDeIQf5oJ3EzZ-2vuj6Gg/viewform?entry.1274744182=https://twitter.com/kubus488/status/1595497680800817152&entry.653903203=26581&usp=pp_url
",Positive,No,No,No,"['Unemployment', 'Democracy', 'Crime&justice']"
1585651759204208642,"https://docs.google.com/forms/d/e/1FAIpQLSffZugycOX3tUHW3uGhn5Cw0pj0fJDeIQf5oJ3EzZ-2vuj6Gg/viewform?entry.1274744182=https://twitter.com/Seyhannky/status/1585651759204208642&entry.653903203=26581&usp=pp_url
",Neutral,No,No,No,['Unemployment']
1578448632533028865,"https://docs.google.com/forms/d/e/1FAIpQLSffZugycOX3tUHW3uGhn5Cw0pj0fJDeIQf5oJ3EzZ-2vuj6Gg/viewform?entry.1274744182=https://twitter.com/osman43026850/status/1578448632533028865&entry.653903203=26581&usp=pp_url
",Negative,Yes,Yes,No,"['Economy', 'Inflation&poverty', 'Education', 'Health', 'Crime&justice', 'Nationalsecurity', 'Minorities&discrimination']"
1572986696186171392,"https://docs.google.com/forms/d/e/1FAIpQLSffZugycOX3tUHW3uGhn5Cw0pj0fJDeIQf5oJ3EzZ-2vuj6Gg/viewform?entry.1274744182=https://twitter.com/Ecita6/status/1572986696186171392&entry.653903203=26581&usp=pp_url
",Negative,Yes,Yes,No,"['Economy', 'Inflation&poverty', 'Unemployment', 'Corruption', 'Crime&justice']"
1356926480605982728,"https://docs.google.com/forms/d/e/1FAIpQLSffZugycOX3tUHW3uGhn5Cw0pj0fJDeIQf5oJ3EzZ-2vuj6Gg/viewform?entry.1274744182=https://twitter.com/Mucahityilmz61/status/1356926480605982728&entry.653903203=26581&usp=pp_url
",Positive,Yes,No,No,['nan']
1595867831467642881,"https://docs.google.com/forms/d/e/1FAIpQLSffZugycOX3tUHW3uGhn5Cw0pj0fJDeIQf5oJ3EzZ-2vuj6Gg/viewform?entry.1274744182=https://twitter.com/CananKulluk/status/1595867831467642881&entry.653903203=26581&usp=pp_url
",Neutral,No,Yes,No,"['Economy', 'Corruption', 'Crime&justice']"
1571966189764579332,"https://docs.google.com/forms/d/e/1FAIpQLSffZugycOX3tUHW3uGhn5Cw0pj0fJDeIQf5oJ3EzZ-2vuj6Gg/viewform?entry.1274744182=https://twitter.com/ghostsolgiers/status/1571966189764579332&entry.653903203=26581&usp=pp_url
",Negative,No,Yes,Yes,"['Advertisement', 'News', 'Corruption']"
1588540586264760322,"https://docs.google.com/forms/d/e/1FAIpQLSffZugycOX3tUHW3uGhn5Cw0pj0fJDeIQf5oJ3EzZ-2vuj6Gg/viewform?entry.1274744182=https://twitter.com/hrsts00/status/1588540586264760322&entry.653903203=26581&usp=pp_url
",Negative,Yes,Yes,Yes,"['Economy', 'Inflation&poverty', 'Corruption', 'Democracy', 'Crime&justice']"
1566096204416647170,"https://docs.google.com/forms/d/e/1FAIpQLSffZugycOX3tUHW3uGhn5Cw0pj0fJDeIQf5oJ3EzZ-2vuj6Gg/viewform?entry.1274744182=https://twitter.com/NuralusA/status/1566096204416647170&entry.653903203=26581&usp=pp_url
",Negative,No,No,No,"['Unemployment', 'Health']"
1442545297205334020,"https://docs.google.com/forms/d/e/1FAIpQLSffZugycOX3tUHW3uGhn5Cw0pj0fJDeIQf5oJ3EzZ-2vuj6Gg/viewform?entry.1274744182=https://twitter.com/31haftasnu31/status/1442545297205334020&entry.653903203=26581&usp=pp_url
",Neutral,Yes,No,No,['Education']
1587419438403518466,"https://docs.google.com/forms/d/e/1FAIpQLSffZugycOX3tUHW3uGhn5Cw0pj0fJDeIQf5oJ3EzZ-2vuj6Gg/viewform?entry.1274744182=https://twitter.com/ErefYld88925633/status/1587419438403518466&entry.653903203=26581&usp=pp_url
",Negative,No,Yes,No,"['News', 'Education', 'Health', 'Democracy', 'Crime&justice']"
1591134795379396608,"https://docs.google.com/forms/d/e/1FAIpQLSffZugycOX3tUHW3uGhn5Cw0pj0fJDeIQf5oJ3EzZ-2vuj6Gg/viewform?entry.1274744182=https://twitter.com/nurayytugbaa/status/1591134795379396608&entry.653903203=26581&usp=pp_url
",Neutral,No,No,No,['Unemployment']
